"bic","no.param","treatment"
211.71585015443,3,1
420.675837110034,3,2
78.963766344796,3,3
