"bic","no.param","treatment"
105.666292014707,3,1
222.581946442375,3,2
69.6002984152338,3,3
