"bic","no.param","treatment"
173.644987467436,2,1
508.03550286754,2,2
238.970585446249,2,3
272.599215467892,2,4
948.961222262856,2,5
1506.4073179977,2,6
