"bic","no.param","treatment"
158.354936080079,2,1
456.221474131066,2,2
268.838159904321,2,3
235.199652160265,2,4
975.871846921742,2,5
1543.47646848041,2,6
