"bic","no.param","treatment"
74.4580641328633,2,1
204.677403905422,2,2
114.866641430826,2,3
186.061387849164,2,4
232.519716368179,2,5
233.951903448099,2,6
