"Room","GPP (g C)","Rm (g C)","Cs (g C)","Rg (g C)","Cn (g C)"
"1",5.16240583226849,0.348517671714996,2.75558190076827,0.826674570230482,1.23163168955474
"2",12.8647682484066,0.743772980109592,6.20450482864941,1.86135144859482,4.05513899105277
"3",14.0526665289541,0.889076754801889,8.28129698418706,2.48438909525612,2.39790369470907
"4",14.3867368341186,1.51218185803145,10.3884842009009,3.11654526027027,-0.630474485084038
"5",9.20331574013754,1.57066160328564,9.50270723508022,2.85081217052407,-4.72086526875239
"6",3.44375498099176,1.07396016421176,4.62585298340203,1.38775589502061,-3.64381406164264
