"Room","GPP (g C)","Rm (g C)","Cs (g C)","Rg (g C)","Cn (g C)"
"1",6.17838158637317,0.0131759393509012,2.22319777052821,0.666959331158463,3.27504854533559
"2",12.6331761218101,0.0255534099737589,4.42229814467432,1.3266894434023,6.85863512375969
"3",15.7160813841564,0.0335541038724659,6.05579067766479,1.81673720329944,7.80999939931965
"4",18.461785623036,0.0494600567820584,7.07085948479284,2.12125784543785,9.22020823602326
"5",11.9183741546557,0.0503356639892581,6.23058606165152,1.86917581849546,3.76827661051949
"6",7.44977961863497,0.0381553428102597,3.80392344935891,1.14117703480767,2.46652379165812
