"Room","GPP (g C)","Rm (g C)","Cs (g C)","Rg (g C)","Cn (g C)"
"1",5.16240583226849,0.31540374851204,2.31107325092668,0.693321975278005,1.84260685755176
"2",12.8647682484066,0.620561806684942,4.74020530403188,1.42206159120956,6.08193954648021
"3",14.0526665289541,0.737481402545668,6.08929876310126,1.82678962893038,5.39909673437683
"4",14.3867368341186,1.19243701189373,7.38428364736458,2.21528509420938,3.59473108065088
"5",9.20331574013754,1.31907057626593,6.86643382345229,2.05993014703569,-1.04211880661637
"6",3.44375498099176,0.967745507646428,3.69681468215318,1.10904440464596,-2.32984961345381
