"Room","GPP (g C)","Rm (g C)","Cs (g C)","Rg (g C)","Cn (g C)"
"1",5.16240583226849,0.389838120413963,2.61129689255358,0.783389067766074,1.37788175153488
"2",12.8647682484066,0.830789825724555,5.90785605530731,1.77235681659219,4.35376555078254
"3",14.0526665289541,0.962223060547858,7.96406656028128,2.38921996808438,2.73715694004062
"4",14.3867368341186,1.62519965247152,10.0309363862873,3.0092809158862,-0.2786801205265
"5",9.20331574013754,1.71185139055822,9.09313588775358,2.72794076632607,-4.32961230450033
"6",3.44375498099176,1.13512717302209,4.46983162837218,1.34094948851166,-3.50215330891417
