"Room","GPP (g C)","Rm (g C)","Cs (g C)","Rg (g C)","Cn (g C)"
"1",6.35016839607653,1.38836226950548,2.22319777052821,0.666959331158463,2.07164902488438
"2",11.9665815164003,2.67751223036632,4.42229814467432,1.3266894434023,3.54008169795734
"3",17.0854340568775,3.48275492388007,6.05579067766479,1.81673720329944,5.73015125203325
"4",20.6893831398467,5.09865559682917,7.07085948479284,2.12125784543785,6.39861021278686
"5",13.381675423007,5.27836740907434,6.23058606165152,1.86917581849546,0.00354613378573454
"6",9.40925832208465,3.98825910956268,3.80392344935891,1.14117703480767,0.475898728355384
