"bic","no.param","treatment"
86.8655400445193,3,1
324.767115439557,3,2
222.097384665933,3,3
200.519599101598,3,4
193.839568989288,3,5
166.084553297578,3,6
