"bic","no.param","treatment"
61.6024377088565,3,1
275.148618399294,3,2
138.549714047911,3,3
213.841711680877,3,4
214.832845455823,3,5
231.986704290988,3,6
