"bic","no.param","treatment"
18.1040867360211,3,1
44.297904424434,3,2
31.9113811273451,3,3
41.6336915401231,3,4
28.8277699845744,3,5
29.3748583488552,3,6
