"bic","no.param","treatment"
19.5020975539141,3,1
39.9847943755857,3,2
41.2537779527238,3,3
33.967914483001,3,4
33.08522900187,3,5
27.4624133237013,3,6
