"bic","no.param","treatment"
102.528596606448,3,1
271.212862703402,3,2
169.987612613779,3,3
204.226220977538,3,4
173.581129361644,3,5
183.895192983411,3,6
