"bic","no.param","treatment"
73.3259161952652,3,1
301.906169052727,3,2
150.825341430587,3,3
220.287226731747,3,4
161.466761144859,3,5
160.649271525266,3,6
